label,precision,recall,f1-score,support
Negative,0.8726114649681529,0.8707627118644068,0.8716861081654295,1416.0
Neutral,0.8019953952417498,0.8356657337065174,0.8184844331309967,2501.0
Positive,0.976711185308848,0.9684654858467141,0.972570858615244,12082.0
accuracy,0.9390586911681981,0.9390586911681981,0.9390586911681981,0.9390586911681981
macro avg,0.8837726818395836,0.8916313104725461,0.8875804666372233,15999.0
weighted avg,0.940185815288207,0.9390586911681981,0.9395548603170353,15999.0
